,bias_mean,bias_max,bias_min,bias_std,bias_arr
0,4.063195835002002,145,0,6.80303083582299,[ 5 -1 -2 ...  0  0 -2]
