,bias_mean,bias_max,bias_min,bias_std,bias_arr
0,4.176415478615072,144,0,6.056734295674183,[ 6  3  1 ... -5 -5 -4]
