,bias_mean,bias_max,bias_min,bias_std,bias_arr
0,9.690156841535966,219,0,14.958445972913177,[5 5 0 ... 2 0 3]
