,bias_mean,bias_max,bias_min,bias_std,bias_arr
0,12.622779922779923,149,0,18.129930627281002,[-28  18 -22 ...  -5 -10  -8]
