,bias_mean,bias_max,bias_min,bias_std,bias_arr
0,5.1179031037093115,222,0,10.65848230094576,[14 10  4 ... -2 -3 -2]
