,bias_mean,bias_max,bias_min,bias_std,bias_arr
0,10.305960264900662,215,0,18.630009373144564,[12 13 11 ... -2 -2  0]
