,bias_mean,bias_max,bias_min,bias_std,bias_arr
0,12.087142857142856,173,0,17.197710989120214,[16 18 15 ...  9  8 13]
