,bias_mean,bias_max,bias_min,bias_std,bias_arr
0,5.092146840148699,155,0,8.019627041314559,[-4 -5 -2 ... -1 -1 -1]
