,bias_mean,bias_max,bias_min,bias_std,bias_arr
0,10.133854166666667,217,0,16.22501443693449,[-8 -6 -3 ...  5  2  5]
