,bias_mean,bias_max,bias_min,bias_std,bias_arr
0,5.208400509121765,146,0,8.012406419237239,[ -5  -1 -12 ...   0  -1  -1]
