,bias_mean,bias_max,bias_min,bias_std,bias_arr
0,12.680088495575221,205,0,17.650236329013975,[-42 -33 -31 ...   3   1   3]
