,bias_mean,bias_max,bias_min,bias_std,bias_arr
0,12.750271739130435,221,0,19.38562821906726,[ -3  -4  -2 ... -15  -5 -52]
