,bias_mean,bias_max,bias_min,bias_std,bias_arr
0,15.163028169014085,198,0,21.674752609645797,[ -7  -3  -6 ... -15 -22 -13]
