,bias_mean,bias_max,bias_min,bias_std,bias_arr
0,17.019341563786007,200,0,22.70383745003052,[-16  -9  -3 ...  10   5   2]
