,bias_mean,bias_max,bias_min,bias_std,bias_arr
0,13.283739837398373,169,0,15.556387724074838,[ 18  18  22 ... -10  -9  -9]
