,bias_mean,bias_max,bias_min,bias_std,bias_arr
0,15.433660933660933,219,0,25.16754466148779,[ 6  5  4 ... 10  9  9]
