,bias_mean,bias_max,bias_min,bias_std,bias_arr
0,15.800954653937948,154,0,20.171366057735785,[ -9  -3  -8 ... -32 -42 -43]
