,bias_mean,bias_max,bias_min,bias_std,bias_arr
0,22.386151079136692,156,0,24.556460906168212,[  3   3   2 ...  12 -13   0]
