,recall,precision,f1_score,accuracy,roc_auc,TN,FP,FN,TP
0,0.9095490716180371,0.889724961079398,0.8995278069254985,0.8984084880636605,0.9664107254677089,3345,425,341,3429
