,recall,precision,f1_score,accuracy,roc_auc,TN,FP,FN,TP
0,0.8368983957219251,0.9309934562760261,0.8814418473669389,0.8874331550802139,0.9570377691669766,3508,232,610,3130
