,recall,precision,f1_score,accuracy,roc_auc,TN,FP,FN,TP
0,0.9702054794520548,0.8639829216224458,0.9140183900629133,0.9087328767123287,0.9801311221617565,2474,446,87,2833
