,recall,precision,f1_score,accuracy,roc_auc,TN,FP,FN,TP
0,0.6742514970059881,0.9794143229921717,0.7986759664262916,0.8300399201596806,0.9717697937458417,4939,71,1632,3378
