,recall,precision,f1_score,accuracy,roc_auc,TN,FP,FN,TP
0,0.944485294117647,0.9262664503335136,0.9352871575498316,0.9346507352941177,0.9804965600670414,5031,409,302,5138
