,recall,precision,f1_score,accuracy,roc_auc,TN,FP,FN,TP
0,0.9700692041522492,0.9437805083319306,0.9567443050934221,0.9561418685121107,0.9922342883825623,5446,334,173,5607
