,recall,precision,f1_score,accuracy,roc_auc,TN,FP,FN,TP
0,0.6387628865979381,0.9788309636650869,0.7730505302557703,0.8124742268041237,0.9467424806036773,4783,67,1752,3098
