,recall,precision,f1_score,accuracy,roc_auc,TN,FP,FN,TP
0,0.8344294003868472,0.990585533869116,0.9058267716535433,0.9132495164410058,0.9815242864465056,5129,41,856,4314
