,recall,precision,f1_score,accuracy,roc_auc,TN,FP,FN,TP
0,0.9212598425196851,0.9322709163346613,0.9267326732673268,0.9271653543307087,0.9807383525878162,3555,255,300,3510
