,recall,precision,f1_score,accuracy,roc_auc,TN,FP,FN,TP
0,0.9347750865051904,0.912206652034442,0.9233529864137401,0.9224048442906574,0.9787375630081058,5260,520,377,5403
