,recall,precision,f1_score,accuracy,roc_auc,TN,FP,FN,TP
0,0.9235457063711912,0.9588725913143514,0.9408776633272188,0.94196675900277,0.9814965354777816,3467,143,276,3334
