,recall,precision,f1_score,accuracy,roc_auc,TN,FP,FN,TP
0,0.9940350877192983,0.9106396657023466,0.9505116591175978,0.9482456140350877,0.9923808864265927,5144,556,34,5666
