,recall,precision,f1_score,accuracy,roc_auc,TN,FP,FN,TP
0,0.7233545647558386,0.9646092865232163,0.8267410822615869,0.8484076433121019,0.9512684986093645,4585,125,1303,3407
