,recall,precision,f1_score,accuracy,roc_auc,TN,FP,FN,TP
0,0.8297142857142857,0.9556823168056165,0.8882544861337683,0.8956190476190476,0.9750636190476191,5048,202,894,4356
